name,address,school_type,都道府県
比叡山中学校,滋賀県大津市坂本４丁目３－１,私立,滋賀県
幸福の科学学園関西中学校,滋賀県大津市仰木の里東二丁目１６番１号,私立,滋賀県
近江兄弟社中学校,滋賀県近江八幡市市井町１７７,私立,滋賀県
光泉カトリック中学校,滋賀県草津市野路町１７８,私立,滋賀県
立命館守山中学校,滋賀県守山市三宅町２５０,私立,滋賀県
滋賀学園中学校,滋賀県東近江市建部北町５２０－１,私立,滋賀県
洛星中学校,京都府京都市北区小松原南町３３,私立,京都府
同志社中学校,京都府京都市左京区岩倉大鷺町８９,私立,京都府
同志社女子中学校,京都府京都市上京区今出川通寺町西入玄武町６０２－１,私立,京都府
平安女学院中学校,京都府京都市上京区下立売通烏丸西入五町目町１７２－２,私立,京都府
京都産業大学附属中学校,京都府京都市下京区中堂寺命婦町１－１０,私立,京都府
京都文教中学校,京都府京都市左京区岡崎円勝寺町５,私立,京都府
ノートルダム女学院中学校,京都府京都市左京区鹿ケ谷桜谷町１１０,私立,京都府
東山中学校,京都府京都市左京区永観堂５１,私立,京都府
両洋中学校,京都府京都市中京区壬生上大竹町１３,私立,京都府
華頂女子中学校,京都府京都市東山区林下町３－４５６,私立,京都府
京都女子中学校,京都府京都市東山区今熊野北日吉町１７番地,私立,京都府
大谷中学校,京都府京都市東山区今熊野池田町１２,私立,京都府
一燈園中学校,京都府京都市山科区四ノ宮柳山町２９,私立,京都府
龍谷大学付属平安中学校,京都府京都市下京区北小路通大宮西入御器屋町３０番地,私立,京都府
京都光華中学校,京都府京都市右京区西京極野田町３９,私立,京都府
京都聖母学院中学校,京都府京都市伏見区深草田谷町１,私立,京都府
洛南高等学校附属中学校,京都府京都市南区壬生通八条下る東寺町５５９,私立,京都府
京都精華学園中学校,京都府京都市左京区吉田河原町５－１,私立,京都府
京都共栄学園中学校,京都府福知山市篠尾６２－５,私立,京都府
同志社国際中学校,京都府京田辺市多々羅都谷６０－１,私立,京都府
京都先端科学大学附属中学校,京都府京都市右京区花園寺ノ中町８番地,私立,京都府
立命館宇治中学校,京都府宇治市広野町八軒屋谷３３－１,私立,京都府
花園中学校,京都府京都市右京区花園木辻北町１,私立,京都府
京都国際中学校,京都府京都市東山区今熊野本多山町１,私立,京都府
京都橘中学校,京都府京都市伏見区桃山町伊賀５０,私立,京都府
立命館中学校,京都府長岡京市調子一丁目１番１号,私立,京都府
追手門学院大手前中学校,大阪府大阪市中央区大手前１－３－２０,私立,大阪府
相愛中学校,大阪府大阪市中央区本町４－１－２３,私立,大阪府
大阪女学院中学校,大阪府大阪市中央区玉造２－２６－５４,私立,大阪府
ヴェリタス城星学園中学校,大阪府大阪市中央区玉造２－２３－２６,私立,大阪府
明星中学校,大阪府大阪市天王寺区餌差町５－４４,私立,大阪府
清風中学校,大阪府大阪市天王寺区石ヶ辻町１２ー１６,私立,大阪府
上宮太子中学校,大阪府南河内郡太子町太子１０５３,私立,大阪府
大阪星光学院中学校,大阪府大阪市天王寺区伶人町１－６,私立,大阪府
四天王寺中学校,大阪府大阪市天王寺区四天王寺１－１１－７３,私立,大阪府
金蘭会中学校,大阪府大阪市北区大淀南３－３－７,私立,大阪府
プール学院中学校,大阪府大阪市生野区勝山北１－１９－３１,私立,大阪府
大阪信愛学院中学校,大阪府大阪市城東区古市２－７－３０,私立,大阪府
建国中学校,大阪府大阪市住吉区遠里小野２丁目３番１３号,私立,大阪府
帝塚山学院中学校,大阪府大阪市住吉区帝塚山中３－１０－５１,私立,大阪府
城南学園中学校,大阪府大阪市東住吉区照ヶ丘矢田２－１４－１０,私立,大阪府
浪速中学校,大阪府大阪市住吉区山之内２－１３－５７,私立,大阪府
大阪金剛インターナショナル中学校,大阪府大阪市住之江区南港北２－６－１０,私立,大阪府
開明中学校,大阪府大阪市城東区野江１－９－９,私立,大阪府
上宮学園中学校,大阪府大阪市天王寺区上之宮町３－１６,私立,大阪府
大阪産業大学附属中学校,大阪府大阪市城東区古市１－２０－２６,私立,大阪府
桃山学院中学校,大阪府大阪市阿倍野区昭和町３－１－６４,私立,大阪府
昇陽中学校,大阪府大阪市此花区朝日１－１－９,私立,大阪府
関西大学北陽中学校,大阪府大阪市東淀川区上新庄１－３－２６,私立,大阪府
常翔学園中学校,大阪府大阪市旭区大宮５－１６－１,私立,大阪府
大阪学芸高等学校附属中学校,大阪府大阪市住吉区長居１－４－１５,私立,大阪府
賢明学院中学校,大阪府堺市堺区霞ヶ丘町４－３－３０,私立,大阪府
梅花中学校,大阪府豊中市上野西１－５－３０,私立,大阪府
箕面自由学園中学校,大阪府豊中市宮山町４－２１－１,私立,大阪府
関西大学第一中学校,大阪府吹田市山手町３－３－２４,私立,大阪府
金蘭千里中学校,大阪府吹田市藤白台５－２５－２,私立,大阪府
高槻中学校,大阪府高槻市沢良木町２－５,私立,大阪府
大阪国際中学校,大阪府守口市松下町１番２８号,私立,大阪府
常翔啓光学園中学校,大阪府枚方市禁野本町１丁目１３－２１,私立,大阪府
ピーエル学園中学校,大阪府富田林市喜志２０５５番地,私立,大阪府
同志社香里中学校,大阪府寝屋川市三井南町１５－１,私立,大阪府
香里ヌヴェール学院中学校,大阪府寝屋川市美井町１８－１０,私立,大阪府
四條畷学園中学校,大阪府大東市学園町６－４５,私立,大阪府
アサンプション国際中学校,大阪府箕面市如意谷１－１３－２３,私立,大阪府
清教学園中学校,大阪府河内長野市末広町６２３,私立,大阪府
羽衣学園中学校,大阪府高石市東羽衣１－１１－５７,私立,大阪府
近畿大学附属中学校,大阪府東大阪市若江西新町５－３－１,私立,大阪府
樟蔭中学校,大阪府東大阪市菱屋西４－２－２６,私立,大阪府
大阪体育大学浪商中学校,大阪府泉南郡熊取町朝代台１－１,私立,大阪府
関西創価中学校,大阪府交野市寺３－２０－１,私立,大阪府
追手門学院中学校,大阪府茨木市太田東芝町１－１,私立,大阪府
清風南海中学校,大阪府高石市綾園５－７－６４,私立,大阪府
帝塚山学院泉ケ丘中学校,大阪府堺市南区晴美台４－２－１,私立,大阪府
大阪青凌中学校,大阪府三島郡島本町若山台１－１－１,私立,大阪府
早稲田摂陵中学校,大阪府茨木市宿久庄７－２０－１,私立,大阪府
履正社中学校,大阪府豊中市長興寺南４－３－１９,私立,大阪府
初芝富田林中学校,大阪府富田林市彼方１８０１,私立,大阪府
金光八尾中学校,大阪府八尾市柏村町１丁目６３番地,私立,大阪府
金光大阪中学校,大阪府高槻市東上牧１－３－１,私立,大阪府
関西学院千里国際中等部,大阪府箕面市小野原西４－４－１６,私立,大阪府
関西大倉中学校,大阪府茨木市室山２－１４－１,私立,大阪府
大阪桐蔭中学校,大阪府大東市中垣内３－１－１,私立,大阪府
東海大学付属大阪仰星高等学校中等部,大阪府枚方市桜丘町６０－１,私立,大阪府
大阪薫英女学院中学校,大阪府摂津市正雀１－４－１,私立,大阪府
初芝立命館中学校,大阪府堺市東区西野１９４－１,私立,大阪府
堺リベラル中学校,大阪府堺市堺区浅香山町１－２－２０,私立,大阪府
関西大学中等部,大阪府高槻市白梅町７－１,私立,大阪府
四天王寺東中学校,大阪府藤井寺市春日丘３－１－７８,私立,大阪府
甲南女子中学校,兵庫県神戸市東灘区森北町５－６－１,私立,兵庫県
灘中学校,兵庫県神戸市東灘区魚崎北町８－５－１,私立,兵庫県
六甲学院中学校,兵庫県神戸市灘区篠原伯母野山町２－４－１,私立,兵庫県
神戸海星女子学院中学校,兵庫県神戸市灘区青谷町２－７－１,私立,兵庫県
松蔭中学校,兵庫県神戸市灘区青谷町３－４－４７,私立,兵庫県
神戸龍谷中学校,兵庫県神戸市中央区中島通５－３－１,私立,兵庫県
神港学園神港中学校,兵庫県神戸市中央区山木通４丁目１９番２０号,私立,兵庫県
啓明学院中学校,兵庫県神戸市須磨区横尾９－５－１,私立,兵庫県
神戸山手女子中学校,兵庫県神戸市中央区諏訪山町６－１,私立,兵庫県
親和中学校,兵庫県神戸市灘区土山町６－１,私立,兵庫県
神戸星城中学校,兵庫県神戸市須磨区緑が丘１丁目１２－１,私立,兵庫県
神戸野田中学校,兵庫県神戸市長田区海運町６丁目１－７,私立,兵庫県
育英中学校,兵庫県神戸市長田区長尾町２丁目１－１５,私立,兵庫県
滝川中学校,兵庫県神戸市須磨区宝田町２－１－１,私立,兵庫県
神戸国際中学校,兵庫県神戸市須磨区高倉台７－２１－１,私立,兵庫県
愛徳学園中学校,兵庫県神戸市垂水区歌敷山３丁目６－４９,私立,兵庫県
生野学園中学校,兵庫県朝来市生野町栃原字西桝渕２８－２,私立,兵庫県
須磨学園中学校,兵庫県神戸市須磨区板宿町３丁目１５－１４,私立,兵庫県
滝川第二中学校,兵庫県神戸市西区春日台６－２３,私立,兵庫県
神戸学院大学附属中学校,兵庫県神戸市中央区港島中町４－６－３,私立,兵庫県
姫路女学院中学校,兵庫県姫路市豊沢町８３番地,私立,兵庫県
日ノ本学園中学校,兵庫県姫路市香寺町香呂８９０,私立,兵庫県
賢明女子学院中学校,兵庫県姫路市本町６８番地,私立,兵庫県
淳心学院中学校,兵庫県姫路市本町６８,私立,兵庫県
東洋大学附属姫路中学校,兵庫県姫路市書写木ノ下１６９９,私立,兵庫県
園田学園中学校,兵庫県尼崎市南塚口町１－２４－１６,私立,兵庫県
百合学院中学校,兵庫県尼崎市若王寺２－１８－２,私立,兵庫県
報徳学園中学校,兵庫県西宮市上大市５丁目２８－１９,私立,兵庫県
関西学院中学部,兵庫県西宮市上ケ原一番町１－１５５,私立,兵庫県
神戸女学院中学部,兵庫県西宮市岡田山４－１,私立,兵庫県
武庫川女子大学附属中学校,兵庫県西宮市枝川町４番１６号,私立,兵庫県
甲陽学院中学校,兵庫県西宮市中葭原町２－１５,私立,兵庫県
甲子園学院中学校,兵庫県西宮市瓦林町４－２５,私立,兵庫県
夙川中学校,兵庫県神戸市兵庫区会下山町１－７－１,私立,兵庫県
仁川学院中学校,兵庫県西宮市甲東園２丁目１３ー９,私立,兵庫県
蒼開中学校,兵庫県洲本市下加茂１－９－４８,私立,兵庫県
芦屋学園中学校,兵庫県芦屋市六麓荘町１６－１８,私立,兵庫県
甲南中学校,兵庫県芦屋市山手町３１－３,私立,兵庫県
近畿大学附属豊岡中学校,兵庫県豊岡市戸牧１００,私立,兵庫県
小林聖心女子学院中学校,兵庫県宝塚市塔の町３－１１３,私立,兵庫県
雲雀丘学園中学校,兵庫県宝塚市雲雀丘４－２－１,私立,兵庫県
白陵中学校,兵庫県高砂市阿弥陀町阿弥陀２２６０,私立,兵庫県
三田学園中学校,兵庫県三田市南が丘２－１３－６５,私立,兵庫県
奈良育英中学校,奈良県奈良市法蓮町１０００,私立,奈良県
奈良女子中学校,奈良県奈良市三条宮前町３－６,私立,奈良県
東大寺学園中学校,奈良県奈良市山陵町１３７５,私立,奈良県
帝塚山中学校,奈良県奈良市学園南３－１－３,私立,奈良県
天理中学校,奈良県天理市杣之内町８２７,私立,奈良県
智辯学園中学校,奈良県五條市野原中４丁目１番５１号,私立,奈良県
奈良学園中学校,奈良県大和郡山市山田町４３０番地,私立,奈良県
育英西中学校,奈良県奈良市三松４－６３７－１,私立,奈良県
西大和学園中学校,奈良県北葛城郡河合町大字薬井２９５,私立,奈良県
智辯学園奈良カレッジ中学部,奈良県香芝市田尻２６５番地,私立,奈良県
奈良学園登美ヶ丘中学校,奈良県奈良市中登美ヶ丘３－１５－１,私立,奈良県
和歌山信愛中学校,和歌山県和歌山市屋形町２－２３,私立,和歌山県
智辯学園和歌山中学校,和歌山県和歌山市冬野２０６６－１,私立,和歌山県
近畿大学附属和歌山中学校,和歌山県和歌山市善明寺５１６,私立,和歌山県
近畿大学附属新宮中学校,和歌山県新宮市新宮４９６６,私立,和歌山県
開智中学校,和歌山県和歌山市直川１１３－２,私立,和歌山県
きのくに子どもの村中学校,和歌山県橋本市彦谷５１,私立,和歌山県
初芝橋本中学校,和歌山県橋本市小峰台２－６－１,私立,和歌山県
米子北斗中学校,鳥取県米子市夜見５０,私立,鳥取県
湯梨浜学園中学校,鳥取県東伯郡湯梨浜町田畑３２―１,私立,鳥取県
青翔開智中学校,鳥取県鳥取市国府町新通り３丁目３０１－２,私立,鳥取県
開星中学校,島根県松江市西津田９－１１－１,私立,島根県
松徳学院中学校,島根県松江市上乃木１－１４－５１,私立,島根県
出雲北陵中学校,島根県出雲市西林木町３番地,私立,島根県
山陽学園中学校,岡山県岡山市中区門田屋敷２－２－１６,私立,岡山県
就実中学校,岡山県岡山市北区弓之町１４－２３,私立,岡山県
岡山中学校,岡山県岡山市南区箕島１５００,私立,岡山県
岡山理科大学附属中学校,岡山県岡山市北区理大町１－１,私立,岡山県
岡山学芸館清秀中学校,岡山県岡山市東区西大寺上１－１９－１９,私立,岡山県
吉備高原希望中学校,岡山県加賀郡吉備中央町高谷４９５,私立,岡山県
岡山白陵中学校,岡山県赤磐市勢力５８８,私立,岡山県
清心中学校,岡山県倉敷市二子１２００,私立,岡山県
金光学園中学校,岡山県浅口市金光町占見新田１３５０,私立,岡山県
蒼明学院中等部,岡山県笠岡市笠岡８７４,私立,岡山県
修道中学校,広島県広島市中区南千田西町８－１,私立,広島県
広島女学院中学校,広島県広島市中区上幟町１１－３２,私立,広島県
安田女子中学校,広島県広島市中区白島北町１－４１,私立,広島県
ノートルダム清心中学校,広島県広島市西区己斐東１丁目１０－１,私立,広島県
広陵中学校,広島県広島市安佐南区伴東三丁目１４番１号,私立,広島県
山陽中学校,広島県広島市西区観音新町４－１２－５,私立,広島県
広島翔洋中学校,広島県安芸郡坂町平成ケ浜三丁目３番１６号,私立,広島県
崇徳中学校,広島県広島市西区楠木町４－１５－１３,私立,広島県
進徳女子中学校,広島県広島市南区皆実町１－１－５８,私立,広島県
比治山女子中学校,広島県広島市南区西霞町５－１６,私立,広島県
広島城北中学校,広島県広島市東区戸坂城山町１番３号,私立,広島県
広島学院中学校,広島県広島市西区古江上一丁目６３０,私立,広島県
武田中学校,広島県東広島市黒瀬町大多田４４３ー５,私立,広島県
呉青山中学校,広島県呉市青山町２－１,私立,広島県
如水館中学校,広島県三原市深町１１８３,私立,広島県
尾道中学校,広島県尾道市向島町５５４８ー１０,私立,広島県
福山暁の星女子中学校,広島県福山市西深津町３－４－１,私立,広島県
盈進中学校,広島県福山市千田町千田４８７－４,私立,広島県
英数学館中学校,広島県福山市引野町９８０－１,私立,広島県
近畿大学附属広島中学校福山校,広島県福山市佐波町３８９,私立,広島県
銀河学院中学校,広島県福山市大門町大門１１９－８,私立,広島県
広島なぎさ中学校,広島県広島市佐伯区海老山南２－２－１,私立,広島県
ＡＩＣＪ中学校,広島県広島市安佐南区祇園三丁目１番１５号,私立,広島県
広島修道大学ひろしま協創中学校,広島県広島市西区井口４丁目６－１８,私立,広島県
広島新庄中学校,広島県山県郡北広島町新庄８４８,私立,広島県
広島三育学院中学校,広島県三原市大和町下徳良２９６－２,私立,広島県
近畿大学附属広島中学校東広島校,広島県東広島市高屋うめの辺２番,私立,広島県
山陽女学園中等部,広島県廿日市市佐方本町１－１,私立,広島県
広島国際学院中学校,広島県安芸郡海田町曽田１－５,私立,広島県
梅光学院中学校,山口県下関市丸山町２丁目９－１,私立,山口県
宇部フロンティア大学付属中学校,山口県宇部市文京町１－２５,私立,山口県
慶進中学校,山口県宇部市西琴芝２丁目１２－１８,私立,山口県
野田学園中学校,山口県山口市野田５６番地,私立,山口県
萩光塩学院中学校,山口県萩市大字東田町１５,私立,山口県
高水高等学校付属中学校,山口県岩国市尾津町２丁目２４－１８,私立,山口県
晃英館中学校,山口県周南市大字徳山５６２６番地の１,私立,山口県
高川学園中学校,山口県防府市大字台道３６３５番地,私立,山口県
学校法人生光学園生光学園中学校,徳島県徳島市応神町中原字宮ノ前３８,私立,徳島県
徳島文理中学校,徳島県徳島市山城西４－２０,私立,徳島県
香川県明善中学校,香川県高松市亀岡町１－１０,私立,香川県
香川県大手前高松中学校,香川県高松市室新町１１６６,私立,香川県
香川誠陵中学校,香川県高松市鬼無町佐料４６９－１,私立,香川県
大手前丸亀中学校,香川県丸亀市大手町１－６－１,私立,香川県
香川県藤井中学校,香川県丸亀市新浜町一丁目三番一号,私立,香川県
松山東雲中学校,愛媛県松山市大街道３－２－２４,私立,愛媛県
愛光中学校,愛媛県松山市衣山５－１６１０－１,私立,愛媛県
今治明徳中学校,愛媛県今治市阿方甲２８７,私立,愛媛県
帝京冨士中学校,愛媛県大洲市柚木９４７,私立,愛媛県
土佐中学校,高知県高知市塩屋崎町１－１－１０,私立,高知県
土佐女子中学校,高知県高知市追手筋２－３－１,私立,高知県
高知中学校,高知県高知市北端町１００,私立,高知県
清和女子中学校,高知県南国市明見９８,私立,高知県
高知学芸中学校,高知県高知市槙山町１１－１２,私立,高知県
高知中央中学校,高知県高知市大津乙３２４－１,私立,高知県
明徳義塾中学校,高知県須崎市浦ノ内下中山１６０番地,私立,高知県
土佐塾中学校,高知県高知市北中山８５,私立,高知県
敬愛中学校,福岡県北九州市門司区別院６－１,私立,福岡県
明治学園中学校,福岡県北九州市戸畑区仙水町５－１,私立,福岡県
西南女学院中学校,福岡県北九州市小倉北区上到津１－１０－１,私立,福岡県
照曜館中学校,福岡県北九州市小倉北区清水４－１０－１,私立,福岡県
小倉日新館中学校,福岡県北九州市小倉北区片野新町１－３－１,私立,福岡県
北九州子どもの村中学校,福岡県北九州市小倉南区平尾台２－５－２４,私立,福岡県
九州国際大学付属中学校,福岡県北九州市八幡東区枝光５－９－１,私立,福岡県
折尾愛真中学校,福岡県北九州市八幡西区堀川町１２－１０,私立,福岡県
博多女子中学校,福岡県福岡市東区馬出１丁目１２番６５号,私立,福岡県
沖学園中学校,福岡県福岡市博多区竹下２丁目１番３３号,私立,福岡県
東福岡自彊館中学校,福岡県福岡市博多区東比恵２丁目２４番１号,私立,福岡県
筑紫女学園中学校,福岡県福岡市中央区警固２丁目８－１,私立,福岡県
福岡雙葉中学校,福岡県福岡市中央区御所ヶ谷７－１,私立,福岡県
上智福岡中学校,福岡県福岡市中央区輝国１－１０－１０,私立,福岡県
福岡大学附属大濠中学校,福岡県福岡市中央区六本松１－１２－１,私立,福岡県
福岡女学院中学校,福岡県福岡市南区曰佐３－４２－１,私立,福岡県
中村学園三陽中学校,福岡県福岡市西区今宿青木１０４２－３３,私立,福岡県
福岡舞鶴誠和中学校,福岡県福岡市西区北原２丁目１７番４２号,私立,福岡県
中村学園女子中学校,福岡県福岡市城南区鳥飼７－１０－３８,私立,福岡県
西南学院中学校,福岡県福岡市早良区百道浜１－１－１,私立,福岡県
明光学園中学校,福岡県大牟田市倉永１７０,私立,福岡県
大牟田中学校,福岡県大牟田市大字田隈４３６の１,私立,福岡県
久留米大学附設中学校,福岡県久留米市野中町２０－２,私立,福岡県
久留米信愛中学校,福岡県久留米市御井町２２７８－１,私立,福岡県
飯塚日新館中学校,福岡県飯塚市柏の森５６－９,私立,福岡県
八女学院中学校,福岡県八女市大字本村４２５,私立,福岡県
筑陽学園中学校,福岡県太宰府市朱雀５－６－１,私立,福岡県
佐賀清和中学校,佐賀県佐賀市兵庫北２－１４－１,私立,佐賀県
龍谷中学校,佐賀県佐賀市水ヶ江３－１－２５,私立,佐賀県
弘学館中学校,佐賀県佐賀市金立町大字金立１５４４－１,私立,佐賀県
成穎中学校,佐賀県佐賀市駅前中央２－９－１０,私立,佐賀県
早稲田佐賀中学校,佐賀県唐津市東城内７－１,私立,佐賀県
東明館中学校,佐賀県三養基郡基山町宮浦６８３,私立,佐賀県
海星中学校,長崎県長崎市東山手町５番３号,私立,長崎県
長崎南山中学校,長崎県長崎市上野町２５番１号,私立,長崎県
活水中学校,長崎県長崎市宝栄町１５番１１号,私立,長崎県
長崎女子商業中学校,長崎県長崎市栄町２番１０号,私立,長崎県
聖母の騎士中学校,長崎県長崎市本河内町２丁目２番２号,私立,長崎県
純心中学校,長崎県長崎市文教町１３－１５,私立,長崎県
聖マリア学院中学校,長崎県長崎市若草町６番５号,私立,長崎県
聖和女子学院中学校,長崎県佐世保市松山町４９５,私立,長崎県
青雲中学校,長崎県西彼杵郡時津町左底２４５－２,私立,長崎県
長崎精道中学校,長崎県長崎市三原２－２３－３３,私立,長崎県
精道三川台中学校,長崎県長崎市三川町１２３４―１,私立,長崎県
創成館中学校,長崎県諫早市貝津町６２１番地,私立,長崎県
長崎日本大学中学校,長崎県諫早市貝津町１５５５番地,私立,長崎県
長崎玉成高等学校附属中学部,長崎県長崎市風頭町１番３３号,私立,長崎県
九州文化学園中学校,長崎県佐世保市花園町１０番１号,私立,長崎県
ながさき東そのぎ子どもの村中学校,長崎県東彼杵郡東彼杵町大音琴郷１６２１番地,私立,長崎県
九州学院中学校,熊本県熊本市中央区大江５－２－１,私立,熊本県
尚絅中学校,熊本県熊本市中央区九品寺２－６－７８,私立,熊本県
ルーテル学院中学校,熊本県熊本市中央区黒髪３－１２－１６,私立,熊本県
熊本信愛女学院中学校,熊本県熊本市中央区上林町３－１８,私立,熊本県
真和中学校,熊本県熊本市中央区九品寺３－１－１,私立,熊本県
熊本マリスト学園中学校,熊本県熊本市東区健軍２－１１－５４,私立,熊本県
文徳中学校,熊本県熊本市西区池田４丁目２２－２,私立,熊本県
熊本学園大学付属中学校,熊本県熊本市中央区大江２－１－２１,私立,熊本県
向陽中学校,大分県大分市千代町３－３－２４,私立,大分県
岩田中学校,大分県大分市岩田町１丁目１番１号,私立,大分県
明豊中学校,大分県別府市野口原３０８８,私立,大分県
大分中学校,大分県大分市明野高尾一丁目６番１号,私立,大分県
日向学院中学校,宮崎県宮崎市大和町１１０番地,私立,宮崎県
宮崎日本大学中学校,宮崎県宮崎市大字島之内６８２２－２,私立,宮崎県
私立宮崎第一中学校,宮崎県宮崎市大字郡司分甲７６７,私立,宮崎県
鵬翔中学校,宮崎県宮崎市恒久４３３６,私立,宮崎県
日章学園中学校,宮崎県宮崎市大字広原８３６番地,私立,宮崎県
宮崎学園中学校,宮崎県宮崎市昭和町３,私立,宮崎県
尚学館中学校,宮崎県延岡市大峡町７８２０番地,私立,宮崎県
聖心ウルスラ学園聡明中学校,宮崎県延岡市緑ヶ丘３丁目７番２１号,私立,宮崎県
日南学園中学校,宮崎県日南市吾田東３丁目５－１,私立,宮崎県
ラサール中学校,鹿児島県鹿児島市小松原２－１０－１,私立,鹿児島県
鹿児島純心女子中学校,鹿児島県鹿児島市唐湊４－２２－２,私立,鹿児島県
大口明光学園中学校,鹿児島県伊佐市大口里１８３０,私立,鹿児島県
鹿児島修学館中学校,鹿児島県鹿児島市永吉２－９－１,私立,鹿児島県
川島学園れいめい中学校,鹿児島県薩摩川内市隈之城町２２０５番地,私立,鹿児島県
池田学園池田中学校,鹿児島県鹿児島市西別府町１６８０番地,私立,鹿児島県
志學館中等部,鹿児島県鹿児島市南郡元町３２－１,私立,鹿児島県
鹿児島育英館中学校,鹿児島県日置市伊集院町猪鹿倉５５０,私立,鹿児島県
神村学園中等部,鹿児島県いちき串木野市別府４４６０,私立,鹿児島県
鹿児島第一中学校,鹿児島県霧島市国分府中２１４,私立,鹿児島県
興南中学校,沖縄県那覇市古島１丁目７番地の１,私立,沖縄県
沖縄尚学高等学校附属中学校,沖縄県那覇市字国場７４７番地,私立,沖縄県
沖縄カトリック中学校,沖縄県宜野湾市真栄原３丁目１６番１号,私立,沖縄県
昭和薬科大学附属中学校,沖縄県浦添市字沢岻４５０番地,私立,沖縄県
沖縄三育中学校,沖縄県名護市旭川８３７,私立,沖縄県
沖縄アミークスインターナショナル中学校,沖縄県うるま市栄野比１２１２－１,私立,沖縄県
珊瑚舎スコーレ東表中学校,沖縄県南城市佐敷字津波古５０９－４,私立,沖縄県
北星学園女子中学校,北海道札幌市中央区南４条西１７丁目２番２号,私立,北海道
札幌聖心女子学院中学校,北海道札幌市中央区宮の森２条１６丁目１０番１号,私立,北海道
藤女子中学校,北海道札幌市北区北１６条西２丁目１－２,私立,北海道
札幌光星中学校,北海道札幌市東区北１３条東９丁目１番１号,私立,北海道
札幌大谷中学校,北海道札幌市東区北１６条東９丁目,私立,北海道
星槎もみじ中学校,北海道札幌市厚別区もみじ台北５丁目１２－１,私立,北海道
北嶺中学校,北海道札幌市清田区真栄４４８番地１,私立,北海道
遺愛女子中学校,北海道函館市杉並町２３－１１,私立,北海道
函館白百合学園中学校,北海道函館市山の手２丁目６－３,私立,北海道
函館ラ・サール中学校,北海道函館市日吉町１－１２－１,私立,北海道
双葉中学校,北海道小樽市住ノ江１丁目３番３号,私立,北海道
海星学院中学校,北海道室蘭市高砂町３－７－７,私立,北海道
武修館中学校,北海道釧路市武佐５－９－１,私立,北海道
立命館慶祥中学校,北海道江別市西野幌６４０－１,私立,北海道
札幌日本大学中学校,北海道北広島市虹ヶ丘５丁目７番地１,私立,北海道
北海道シュタイナー学園いずみの学校中等部,北海道虻田郡豊浦町字東雲町８３番地２,私立,北海道
青森山田中学校,青森県青森市青葉３－１３－４０,私立,青森県
青森明の星中学校,青森県青森市浪打２－６－３２,私立,青森県
弘前学院聖愛中学校,青森県弘前市原ヶ平字山元１１２－２１,私立,青森県
八戸聖ウルスラ学院中学校,青森県八戸市田面木字上野平５３－２,私立,青森県
八戸工業大学第二高等学校附属中学校,青森県八戸市妙字大開６７,私立,青森県
東奥義塾中学校,青森県弘前市石川長者森６１ー１,私立,青森県
岩手中学校,岩手県盛岡市長田町７－６０,私立,岩手県
盛岡白百合学園中学校,岩手県盛岡市山岸四丁目２９－１６,私立,岩手県
盛岡中央高等学校附属中学校,岩手県盛岡市みたけ４－２６－８,私立,岩手県
尚絅学院中学校,宮城県仙台市青葉区八幡１－９－２７,私立,宮城県
宮城学院中学校,宮城県仙台市青葉区桜ヶ丘９－１－１,私立,宮城県
聖ドミニコ学院中学校,宮城県仙台市青葉区角五郎２－２－１４,私立,宮城県
東北学院中学校,宮城県仙台市宮城野区小鶴字高野１２３－１,私立,宮城県
秀光中学校,宮城県仙台市宮城野区宮城野２－４－１,私立,宮城県
聖ウルスラ学院英智中学校,宮城県仙台市若林区一本杉町１－２,私立,宮城県
仙台白百合学園中学校,宮城県仙台市泉区紫山１－２－１,私立,宮城県
古川学園中学校,宮城県大崎市古川中里６－２－８,私立,宮城県
聖霊女子短期大学付属中学校,秋田県秋田市南通みその町４－８２,私立,秋田県
桜の聖母学院中学校,福島県福島市野田町七丁目１１―１,私立,福島県
福島成蹊中学校,福島県福島市腰浜町１５－２１,私立,福島県
会津若松ザベリオ学園中学校,福島県会津若松市西栄町１－１８,私立,福島県
郡山ザベリオ学園中学校,福島県郡山市大槻町字古屋敷１０２,私立,福島県
東日本国際大学附属昌平中学校,福島県いわき市平上片寄字上ノ内１５２,私立,福島県
磐城緑蔭中学校,福島県いわき市平南白土字勝負田１１,私立,福島県
いわき秀英中学校,福島県いわき市泉町字滝ノ沢３－１,私立,福島県
石川義塾中学校,福島県石川郡石川町字大室５０２番地,私立,福島県
茨城中学校,茨城県水戸市八幡町１６－１,私立,茨城県
水戸英宏中学校,茨城県水戸市見川町字手負山２５８２－１５,私立,茨城県
茨城キリスト教学園中学校,茨城県日立市大みか町６―１１－１,私立,茨城県
常総学院中学校,茨城県土浦市中村西根１０１０,私立,茨城県
青丘学院つくば中学校,茨城県石岡市柿岡字寺田１６０４－１,私立,茨城県
聖徳大学附属取手聖徳女子中学校,茨城県取手市山王１０００,私立,茨城県
江戸川学園取手中学校,茨城県取手市西１－３７－１,私立,茨城県
東洋大学附属牛久中学校,茨城県牛久市柏田町１３６０－２,私立,茨城県
学校法人茗溪学園茗溪学園中学校,茨城県つくば市稲荷前１－１,私立,茨城県
学校法人清真学園清真学園中学校,茨城県鹿嶋市宮中伏見４４４８－５,私立,茨城県
青葉台中等学部,茨城県かすみがうら市上稲吉１５１８,私立,茨城県
霞ヶ浦高等学校附属中学校,茨城県稲敷郡阿見町青宿５０番地,私立,茨城県
作新学院中等部,栃木県宇都宮市一の沢１－１－４１,私立,栃木県
白鴎大学足利中学校,栃木県足利市伊勢南町４－３,私立,栃木県
宇都宮海星女子学院中学校,栃木県宇都宮市上籠谷町３７７６,私立,栃木県
宇都宮短期大学附属中学校,栃木県宇都宮市睦町１－３５,私立,栃木県
國學院大學栃木中学校,栃木県栃木市平井町６０８,私立,栃木県
文星芸術大学附属中学校,栃木県宇都宮市睦町１－４,私立,栃木県
幸福の科学学園中学校,栃木県那須郡那須町梁瀬４８７－１,私立,栃木県
星の杜中学校,栃木県宇都宮市上籠谷町３７７６,私立,栃木県
共愛学園中学校,群馬県前橋市小屋原町１１１５－３,私立,群馬県
新島学園中学校,群馬県安中市安中３７０２,私立,群馬県
白根開善学校中等部,群馬県吾妻郡中之条町大字入山１－１,私立,群馬県
樹徳中学校,群馬県桐生市稲荷町４－１２,私立,群馬県
ぐんま国際アカデミー中等部,群馬県太田市内ヶ島町１３６１－４,私立,群馬県
桐生大学附属中学校,群馬県桐生市小曾根町９－１７,私立,群馬県
東京農業大学第二高等学校中等部,群馬県高崎市石原町３４３０,私立,群馬県
埼玉栄中学校,埼玉県さいたま市西区西大宮３丁目１１番地１,私立,埼玉県
大宮開成中学校,埼玉県さいたま市大宮区堀の内町１－６１５,私立,埼玉県
栄東中学校,埼玉県さいたま市見沼区砂町２－７７,私立,埼玉県
淑徳与野中学校,埼玉県さいたま市中央区上落合５－１９－１８,私立,埼玉県
浦和実業学園中学校,埼玉県さいたま市南区文蔵３－９－１,私立,埼玉県
浦和明の星女子中学校,埼玉県さいたま市緑区東浦和６－４－１９,私立,埼玉県
青山学院大学系属浦和ルーテル学院中学校,埼玉県さいたま市緑区大字大崎３６４２,私立,埼玉県
秀明中学校,埼玉県川越市笠幡４７９２番地,私立,埼玉県
城西川越中学校,埼玉県川越市山田東町１０４２,私立,埼玉県
星野学園中学校,埼玉県川越市石原町２－７１－１１,私立,埼玉県
城北埼玉中学校,埼玉県川越市古市場５８５－１,私立,埼玉県
聖望学園中学校,埼玉県飯能市中山２９２,私立,埼玉県
自由の森学園中学校,埼玉県飯能市小岩井６１３,私立,埼玉県
開智未来中学校,埼玉県加須市麦倉１２３８番地,私立,埼玉県
本庄東高等学校附属中学校,埼玉県本庄市西五十子大塚３１８,私立,埼玉県
本庄第一中学校,埼玉県本庄市仁手２１６７－１,私立,埼玉県
東京農業大学第三高等学校附属中学校,埼玉県東松山市松山１４００－１,私立,埼玉県
春日部共栄中学校,埼玉県春日部市上大増新田２１３,私立,埼玉県
西武学園文理中学校,埼玉県狭山市柏原新田３１１－１,私立,埼玉県
東京成徳大学深谷中学校,埼玉県深谷市宿根５５９,私立,埼玉県
獨協埼玉中学校,埼玉県越谷市恩間新田寺前３１６,私立,埼玉県
武南中学校,埼玉県蕨市塚越５－１０－２１,私立,埼玉県
狭山ヶ丘高等学校付属中学校,埼玉県入間市下藤沢９８１,私立,埼玉県
細田学園中学校,埼玉県志木市本町２－７－１,私立,埼玉県
立教新座中学校,埼玉県新座市北野１－２－２５,私立,埼玉県
西武台新座中学校,埼玉県新座市中野２－９－１,私立,埼玉県
国際学院中学校,埼玉県北足立郡伊奈町小室１０４７４,私立,埼玉県
埼玉平成中学校,埼玉県入間郡毛呂山町下川原３７５,私立,埼玉県
大妻嵐山中学校,埼玉県比企郡嵐山町菅谷５５８,私立,埼玉県
昌平中学校,埼玉県北葛飾郡杉戸町下野８５１,私立,埼玉県
国府台女子学院中学部,千葉県市川市菅野３－２４－１,私立,千葉県
日出学園中学校,千葉県市川市菅野３－２３－１,私立,千葉県
昭和学院中学校,千葉県市川市東菅野２－１７－１,私立,千葉県
市川中学校,千葉県市川市本北方２－３８－１,私立,千葉県
和洋国府台女子中学校,千葉県市川市国府台２－３－１,私立,千葉県
千葉日本大学第一中学校,千葉県船橋市習志野台８－３４－１,私立,千葉県
暁星国際中学校,千葉県木更津市矢那１０８３,私立,千葉県
成田高等学校付属中学校,千葉県成田市成田２７,私立,千葉県
東邦大学付属東邦中学校,千葉県習志野市泉町２－１－３７,私立,千葉県
秀明大学学校教師学部附属秀明八千代中学校,千葉県八千代市桑橋８０３番地,私立,千葉県
八千代松陰中学校,千葉県八千代市村上７２７番地,私立,千葉県
光英ＶＥＲＩＴＡＳ中学校,千葉県松戸市秋山６００,私立,千葉県
昭和学院秀英中学校,千葉県千葉市美浜区若葉１－２,私立,千葉県
志学館中等部,千葉県木更津市真舟３－２９－１,私立,千葉県
渋谷教育学園幕張中学校,千葉県千葉市美浜区若葉１－３,私立,千葉県
東海大学付属浦安高等学校中等部,千葉県浦安市東野３－１１－１,私立,千葉県
翔凜中学校,千葉県君津市三直１３４８－１,私立,千葉県
西武台千葉中学校,千葉県野田市尾崎２２４１－２,私立,千葉県
東京学館浦安中学校,千葉県浦安市高洲１－２３－１,私立,千葉県
芝浦工業大学柏中学校,千葉県柏市増尾７００番地,私立,千葉県
専修大学松戸中学校,千葉県松戸市上本郷２－３６２１,私立,千葉県
麗澤中学校,千葉県柏市光ヶ丘２－１－１,私立,千葉県
千葉明徳中学校,千葉県千葉市中央区南生実町１４１２,私立,千葉県
二松学舎大学附属柏中学校,千葉県柏市大井２５９０,私立,千葉県
三育学院中学校,千葉県夷隅郡大多喜町中野５８９番地,私立,千葉県
流通経済大学付属柏中学校,千葉県柏市十余二１－２０,私立,千葉県
大妻中学校,東京都千代田区三番町１２,私立,東京都
神田女学園中学校,東京都千代田区神田猿楽町２－３－６,私立,東京都
共立女子中学校,東京都千代田区一ツ橋２－２－１,私立,東京都
麹町学園女子中学校,東京都千代田区麹町３－８,私立,東京都
暁星中学校,東京都千代田区富士見１－２－５,私立,東京都
白百合学園中学校,東京都千代田区九段北２－４－１,私立,東京都
千代田国際中学校,東京都千代田区四番町１１,私立,東京都
女子学院中学校,東京都千代田区一番町２２－１０,私立,東京都
東京家政学院中学校,東京都千代田区三番町２２,私立,東京都
雙葉中学校,東京都千代田区六番町１４－１,私立,東京都
三輪田学園中学校,東京都千代田区九段北３－３－１５,私立,東京都
和洋九段女子中学校,東京都千代田区九段北１－１２－１２,私立,東京都
開智日本橋学園中学校,東京都中央区日本橋馬喰町２－７－６,私立,東京都
麻布中学校,東京都港区元麻布２－３－２９,私立,東京都
慶應義塾中等部,東京都港区三田２－１７－１０,私立,東京都
頌栄女子学院中学校,東京都港区白金台２－２６－５,私立,東京都
芝中学校,東京都港区芝公園３－５－３７,私立,東京都
広尾学園中学校,東京都港区南麻布５－１－１４,私立,東京都
聖心女子学院中等科,東京都港区白金４－１１－１,私立,東京都
高輪中学校,東京都港区高輪２－１－３２,私立,東京都
芝国際中学校,東京都港区芝４－１－３０,私立,東京都
東洋英和女学院中学部,東京都港区六本木５－１４－４０,私立,東京都
普連土学園中学校,東京都港区三田４－１４－１６,私立,東京都
東海大学付属高輪台高等学校中等部,東京都港区高輪２－２－１６,私立,東京都
山脇学園中学校,東京都港区赤坂４－１０－３６,私立,東京都
海城中学校,東京都新宿区大久保３－６－１,私立,東京都
学習院女子中等科,東京都新宿区戸山３－２０－１,私立,東京都
成女学園中学校,東京都新宿区富久町７－３０,私立,東京都
成城中学校,東京都新宿区原町３－８７,私立,東京都
目白研心中学校,東京都新宿区中落合４－３１－１,私立,東京都
早稲田中学校,東京都新宿区馬場下町６２,私立,東京都
跡見学園中学校,東京都文京区大塚１－５－９,私立,東京都
郁文館中学校,東京都文京区向丘２－１９－１,私立,東京都
桜蔭中学校,東京都文京区本郷１－５－２５,私立,東京都
京華中学校,東京都文京区白山５－６－６,私立,東京都
京華女子中学校,東京都文京区白山５－６－６,私立,東京都
東洋大学京北中学校,東京都文京区白山２－３６－５,私立,東京都
駒込中学校,東京都文京区千駄木５－６－２５,私立,東京都
小石川淑徳学園中学校,東京都文京区小石川３－１４－３,私立,東京都
貞静学園中学校,東京都文京区大塚１－２－１０,私立,東京都
東邦音楽大学附属東邦中学校,東京都文京区大塚４－４６－９,私立,東京都
獨協中学校,東京都文京区関口３－８－１,私立,東京都
日本大学豊山中学校,東京都文京区大塚５－４０－１０,私立,東京都
文京学院大学女子中学校,東京都文京区本駒込６－１８－３,私立,東京都
広尾学園小石川中学校,東京都文京区本駒込２－２９－１,私立,東京都
上野学園中学校,東京都台東区東上野４－２４－１２,私立,東京都
安田学園中学校,東京都墨田区横網２－２－２５,私立,東京都
日本大学第一中学校,東京都墨田区横網１－５－２,私立,東京都
かえつ有明中学校,東京都江東区東雲２－１６－１,私立,東京都
中村中学校,東京都江東区清澄２－３－１５,私立,東京都
芝浦工業大学附属中学校,東京都江東区豊洲６－２－７,私立,東京都
品川翔英中学校,東京都品川区西大井１－６－１３,私立,東京都
攻玉社中学校,東京都品川区西五反田５－１４－２,私立,東京都
香蘭女学校中等科,東京都品川区旗の台６－２２－２１,私立,東京都
品川女子学院中等部,東京都品川区北品川３－３－１２,私立,東京都
青稜中学校,東京都品川区二葉１－６－６,私立,東京都
文教大学付属中学校,東京都品川区旗の台３－２－１７,私立,東京都
目黒日本大学中学校,東京都目黒区目黒１－６－１５,私立,東京都
日本工業大学駒場中学校,東京都目黒区駒場１－３５－３２,私立,東京都
トキワ松学園中学校,東京都目黒区碑文谷４－１７－１６,私立,東京都
八雲学園中学校,東京都目黒区八雲２－１４－１,私立,東京都
多摩大学目黒中学校,東京都目黒区下目黒４－１０－２４,私立,東京都
目黒学院中学校,東京都目黒区中目黒１－１－５０,私立,東京都
立正大学付属立正中学校,東京都大田区西馬込１－５－１,私立,東京都
清明学園中学校,東京都大田区南雪谷３－１２－２６,私立,東京都
三田国際学園中学校,東京都世田谷区用賀２－１６－１,私立,東京都
駒場東邦中学校,東京都世田谷区池尻４－５－１,私立,東京都
鴎友学園女子中学校,東京都世田谷区宮坂１－５－３０,私立,東京都
国本女子中学校,東京都世田谷区喜多見８－１５－３３,私立,東京都
恵泉女学園中学校,東京都世田谷区船橋５－８－１,私立,東京都
佼成学園女子中学校,東京都世田谷区給田２－１－１,私立,東京都
国士舘中学校,東京都世田谷区若林４－３２－１,私立,東京都
松蔭大学附属松蔭中学校,東京都世田谷区北沢１－１６－１０,私立,東京都
昭和女子大学附属昭和中学校,東京都世田谷区太子堂１－７－５７,私立,東京都
成城学園中学校,東京都世田谷区成城６－１－２０,私立,東京都
下北沢成徳中学校,東京都世田谷区代田６－１２－３９,私立,東京都
聖ドミニコ学園中学校,東京都世田谷区岡本１－１０－１,私立,東京都
世田谷学園中学校,東京都世田谷区三宿１－１６－３１,私立,東京都
玉川聖学院中等部,東京都世田谷区奥沢７－１１－２２,私立,東京都
東京都市大学等々力中学校,東京都世田谷区等々力８－１０－１,私立,東京都
田園調布雙葉中学校,東京都世田谷区玉川田園調布１－２０－９,私立,東京都
東京都市大学付属中学校,東京都世田谷区成城１－１３－１,私立,東京都
サレジアン国際学園世田谷中学校,東京都世田谷区大蔵２－８－１,私立,東京都
田園調布学園中等部,東京都世田谷区東玉川２－２１－８,私立,東京都
日本学園中学校,東京都世田谷区松原２－７－３４,私立,東京都
東京農業大学第一高等学校中等部,東京都世田谷区桜３－３３－１,私立,東京都
青山学院中等部,東京都渋谷区渋谷４－４－２５,私立,東京都
実践女子学園中学校,東京都渋谷区東１－１－１１,私立,東京都
東京女学館中学校,東京都渋谷区広尾３－７－１６,私立,東京都
富士見丘中学校,東京都渋谷区笹塚３－１９－９,私立,東京都
渋谷教育学園渋谷中学校,東京都渋谷区渋谷１－２１－１８,私立,東京都
新渡戸文化中学校,東京都中野区本町６－３８－１,私立,東京都
宝仙学園中学校,東京都中野区中央２－２８－３,私立,東京都
明治大学付属中野中学校,東京都中野区東中野３－３－４,私立,東京都
大妻中野中学校,東京都中野区上高田２－３－７,私立,東京都
実践学園中学校,東京都中野区中央２－３４－２,私立,東京都
光塩女子学院中等科,東京都杉並区高円寺南２－３３－２８,私立,東京都
佼成学園中学校,東京都杉並区和田２－６－２９,私立,東京都
女子美術大学付属中学校,東京都杉並区和田１－４９－８,私立,東京都
文化学園大学杉並中学校,東京都杉並区阿佐谷南３－４８－１６,私立,東京都
東京立正中学校,東京都杉並区堀ノ内２－４１－１５,私立,東京都
日本大学第二中学校,東京都杉並区天沼１－４５－３３,私立,東京都
立教女学院中学校,東京都杉並区久我山４－２９－６０,私立,東京都
杉並学院中学校,東京都杉並区阿佐谷南２－３０－１７,私立,東京都
國學院大學久我山中学校,東京都杉並区久我山１－９－１,私立,東京都
川村中学校,東京都豊島区目白２－２２－３,私立,東京都
巣鴨中学校,東京都豊島区上池袋１－２１－１,私立,東京都
十文字中学校,東京都豊島区北大塚１－１０－３３,私立,東京都
豊島岡女子学園中学校,東京都豊島区東池袋１－２５－２２,私立,東京都
学習院中等科,東京都豊島区目白１－５－１,私立,東京都
城西大学附属城西中学校,東京都豊島区千早１－１０－２６,私立,東京都
本郷中学校,東京都豊島区駒込４－１１－１,私立,東京都
立教池袋中学校,東京都豊島区西池袋５－１６－５,私立,東京都
淑徳巣鴨中学校,東京都豊島区西巣鴨２－２２－１６,私立,東京都
桜丘中学校,東京都北区滝野川１－５１－１２,私立,東京都
聖学院中学校,東京都北区中里３－１２－１,私立,東京都
サレジアン国際学園中学校,東京都北区赤羽台４－２－１４,私立,東京都
女子聖学院中学校,東京都北区中里３－１２－２,私立,東京都
瀧野川女子学園中学校,東京都北区上中里１－２７－７,私立,東京都
東京成徳大学中学校,東京都北区豊島８－２６－９,私立,東京都
武蔵野中学校,東京都北区西ヶ原４－５６－２０,私立,東京都
駿台学園中学校,東京都北区王子６－１－１０,私立,東京都
順天中学校,東京都北区王子本町１－１７－１３,私立,東京都
成立学園中学校,東京都北区東十条６－９－１３,私立,東京都
開成中学校,東京都荒川区西日暮里４－７－７,私立,東京都
北豊島中学校,東京都荒川区東尾久６－３４－２４,私立,東京都
淑徳中学校,東京都板橋区前野町５－１４－１,私立,東京都
城北中学校,東京都板橋区東新町２－２８－１,私立,東京都
東京家政大学附属女子中学校,東京都板橋区加賀１－１８－１,私立,東京都
帝京中学校,東京都板橋区稲荷台２７－１,私立,東京都
日本大学豊山女子中学校,東京都板橋区中台３－１５－１,私立,東京都
富士見中学校,東京都練馬区中村北４－８－２６,私立,東京都
武蔵中学校,東京都練馬区豊玉上１－２６－１,私立,東京都
国華中学校,東京都練馬区北大泉町３４７９,私立,東京都
東京女子学院中学校,東京都練馬区関町北４－１６－１１,私立,東京都
早稲田大学高等学院中学部,東京都練馬区上石神井３－３１－１,私立,東京都
足立学園中学校,東京都足立区千住旭町４０－２４,私立,東京都
東京みらい中学校,東京都足立区足立１－１３－２６,私立,東京都
共栄学園中学校,東京都葛飾区お花茶屋２－６－１,私立,東京都
修徳中学校,東京都葛飾区青戸８－１０－１,私立,東京都
東京シューレ葛飾中学校,東京都葛飾区新小岩３－２５－１,私立,東京都
愛国中学校,東京都江戸川区西小岩５－７－１,私立,東京都
江戸川女子中学校,東京都江戸川区東小岩５－２２－１,私立,東京都
穎明館中学校,東京都八王子市館町２６００,私立,東京都
八王子実践中学校,東京都八王子市台町１－６－１５,私立,東京都
明治大学付属八王子中学校,東京都八王子市戸吹町１１００,私立,東京都
共立女子第二中学校,東京都八王子市元八王子町１－７１０,私立,東京都
東京純心女子中学校,東京都八王子市滝山町２－６００,私立,東京都
工学院大学附属中学校,東京都八王子市中野町２６４７－２,私立,東京都
帝京八王子中学校,東京都八王子市上川町３７６６,私立,東京都
八王子学園八王子中学校,東京都八王子市台町４－３５－１,私立,東京都
帝京大学中学校,東京都八王子市越野３２２,私立,東京都
聖徳学園中学校,東京都武蔵野市境南町２－１１－８,私立,東京都
成蹊中学校,東京都武蔵野市吉祥寺北町３－１０－１３,私立,東京都
藤村女子中学校,東京都武蔵野市吉祥寺本町２－１６－３,私立,東京都
吉祥女子中学校,東京都武蔵野市吉祥寺東町４－１２－２０,私立,東京都
法政大学中学校,東京都三鷹市牟礼４－３－１,私立,東京都
明星学園中学校,東京都三鷹市井の頭５－７－７,私立,東京都
啓明学園中学校,東京都昭島市拝島町５－１１－１５,私立,東京都
明治大学付属明治中学校,東京都調布市富士見町４－２３－２５,私立,東京都
晃華学園中学校,東京都調布市佐須町５－２８－１,私立,東京都
桐朋女子中学校,東京都調布市若葉町１－４１－１,私立,東京都
ドルトン東京学園中等部,東京都調布市入間町二丁目２８番２０号,私立,東京都
日本大学第三中学校,東京都町田市図師町１１－２３７５,私立,東京都
和光中学校,東京都町田市真光寺町１２９１,私立,東京都
桜美林中学校,東京都町田市常盤町３７５８,私立,東京都
玉川学園中学部,東京都町田市玉川学園６－１－１,私立,東京都
武蔵野東中学校,東京都小金井市緑町２－６－４,私立,東京都
東京電機大学中学校,東京都小金井市梶野町４－８－１,私立,東京都
中央大学附属中学校,東京都小金井市貫井北町３－２２－１,私立,東京都
サレジオ中学校,東京都小平市上水南町４－７－１,私立,東京都
創価中学校,東京都小平市小川町１－８６０,私立,東京都
白梅学園清修中学校,東京都小平市小川町１－８３０,私立,東京都
明法中学校,東京都東村山市富士見町２－４－１２,私立,東京都
明治学院中学校,東京都東村山市富士見町１－１２－３,私立,東京都
日本体育大学桜華中学校,東京都東村山市富士見町２－５－１,私立,東京都
早稲田大学系属早稲田実業学校中等部,東京都国分寺市本町１－２－１,私立,東京都
国立音楽大学附属中学校,東京都国立市西２－１２－１９,私立,東京都
桐朋中学校,東京都国立市中３－１－１０,私立,東京都
東星学園中学校,東京都清瀬市梅園３－１４－４７,私立,東京都
自由学園男子部中等科,東京都東久留米市学園町１－８－１５,私立,東京都
自由学園中等部,東京都東久留米市学園町１－８－１５,私立,東京都
多摩大学附属聖ヶ丘中学校,東京都多摩市聖ヶ丘４－１－１,私立,東京都
大妻多摩中学校,東京都多摩市唐木田２－７－１,私立,東京都
駒沢学園女子中学校,東京都稲城市坂浜２３８,私立,東京都
東海大学菅生高等学校中等部,東京都あきる野市菅生１４６８,私立,東京都
文華女子中学校,東京都西東京市西原町４－５－８５,私立,東京都
武蔵野大学中学校,東京都西東京市新町１－１－２０,私立,東京都
聖ヨゼフ学園中学校,神奈川県横浜市鶴見区東寺尾北台１１－１,私立,神奈川県
橘学苑中学校,神奈川県横浜市鶴見区獅子ヶ谷１－１０－３５,私立,神奈川県
鶴見大学附属中学校,神奈川県横浜市鶴見区鶴見２－２－１,私立,神奈川県
浅野中学校,神奈川県横浜市神奈川区子安台１－３－１,私立,神奈川県
神奈川学園中学校,神奈川県横浜市神奈川区沢渡１８,私立,神奈川県
横浜創英中学校,神奈川県横浜市神奈川区西大口２８,私立,神奈川県
捜真女学校中学部,神奈川県横浜市神奈川区中丸８,私立,神奈川県
聖光学院中学校,神奈川県横浜市中区滝之上１００,私立,神奈川県
フェリス女学院中学校,神奈川県横浜市中区山手町１７８,私立,神奈川県
横浜共立学園中学校,神奈川県横浜市中区山手町２１２,私立,神奈川県
横浜女学院中学校,神奈川県横浜市中区山手町２０３,私立,神奈川県
横浜雙葉中学校,神奈川県横浜市中区山手町８８,私立,神奈川県
関東学院中学校,神奈川県横浜市南区三春台４,私立,神奈川県
青山学院横浜英和中学校,神奈川県横浜市南区蒔田町１２４,私立,神奈川県
横浜清風中学校,神奈川県横浜市保土ケ谷区岩井町４４７,私立,神奈川県
横浜学園中学校,神奈川県横浜市磯子区岡村２－４－１,私立,神奈川県
関東学院六浦中学校,神奈川県横浜市金沢区六浦東１－５０－１,私立,神奈川県
横浜中学校,神奈川県横浜市金沢区能見台通４７－１,私立,神奈川県
慶應義塾普通部,神奈川県横浜市港北区日吉本町１－４５－１,私立,神奈川県
日本大学中学校,神奈川県横浜市港北区箕輪町２－９－１,私立,神奈川県
武相中学校,神奈川県横浜市港北区仲手原２－３４－１,私立,神奈川県
公文国際学園中等部,神奈川県横浜市戸塚区小雀町７７７,私立,神奈川県
山手学院中学校,神奈川県横浜市栄区上郷町４６０,私立,神奈川県
星槎中学校,神奈川県横浜市緑区霧が丘６－１３,私立,神奈川県
横浜富士見丘学園中学校,神奈川県横浜市旭区中沢１－２４－１,私立,神奈川県
森村学園中等部,神奈川県横浜市緑区長津田町２６９５,私立,神奈川県
神奈川大学附属中学校,神奈川県横浜市緑区台村町８００,私立,神奈川県
横浜翠陵中学校,神奈川県横浜市緑区三保町１,私立,神奈川県
横浜隼人中学校,神奈川県横浜市瀬谷区阿久和南１－３－１,私立,神奈川県
桐蔭学園中学校,神奈川県横浜市青葉区鉄町１６１４,私立,神奈川県
サレジオ学院中学校,神奈川県横浜市都筑区南山田３－４３－１,私立,神奈川県
中央大学附属横浜中学校,神奈川県横浜市都筑区牛久保東１－１４－１,私立,神奈川県
大西学園中学校,神奈川県川崎市中原区小杉町２－２８４,私立,神奈川県
法政大学第二中学校,神奈川県川崎市中原区木月大町６－１,私立,神奈川県
洗足学園中学校,神奈川県川崎市高津区久本２－３－１,私立,神奈川県
カリタス女子中学校,神奈川県川崎市多摩区中野島４－６－１,私立,神奈川県
日本女子大学附属中学校,神奈川県川崎市多摩区西生田１－１－１,私立,神奈川県
桐光学園中学校,神奈川県川崎市麻生区栗木３－１２－１,私立,神奈川県
シュタイナー学園中等部,神奈川県相模原市緑区名倉２８０５－１,私立,神奈川県
相模女子大学中学部,神奈川県相模原市南区文京２－１－１,私立,神奈川県
東海大学付属相模高等学校中等部,神奈川県相模原市南区相南３－３３－１,私立,神奈川県
緑ヶ丘女子中学校,神奈川県横須賀市緑が丘３９,私立,神奈川県
横須賀学院中学校,神奈川県横須賀市稲岡町８２,私立,神奈川県
平塚学園中学校,神奈川県平塚市松風町５－２２,私立,神奈川県
栄光学園中学校,神奈川県鎌倉市玉縄４－１－１,私立,神奈川県
鎌倉学園中学校,神奈川県鎌倉市山ノ内１１０,私立,神奈川県
鎌倉女学院中学校,神奈川県鎌倉市由比ガ浜２－１０－４,私立,神奈川県
北鎌倉女子学園中学校,神奈川県鎌倉市山ノ内９１３,私立,神奈川県
鎌倉女子大学中等部,神奈川県鎌倉市岩瀬１４２０,私立,神奈川県
清泉女学院中学校,神奈川県鎌倉市城廻２００,私立,神奈川県
湘南学園中学校,神奈川県藤沢市鵠沼松が岡３－４－２７,私立,神奈川県
湘南白百合学園中学校,神奈川県藤沢市片瀬目白山４－１,私立,神奈川県
聖園女学院中学校,神奈川県藤沢市みその台１－４,私立,神奈川県
慶應義塾湘南藤沢中等部,神奈川県藤沢市遠藤５４６６,私立,神奈川県
藤嶺学園藤沢中学校,神奈川県藤沢市西富１－７－１,私立,神奈川県
日本大学藤沢中学校,神奈川県藤沢市亀井野１８６６,私立,神奈川県
相洋中学校,神奈川県小田原市城山４－１３－３３,私立,神奈川県
湘南ライナス学園中学部,神奈川県小田原市風祭４８７－１,私立,神奈川県
アレセイア湘南中学校,神奈川県茅ヶ崎市富士見町５－２,私立,神奈川県
聖和学院中学校,神奈川県逗子市久木２－２－１,私立,神奈川県
逗子開成中学校,神奈川県逗子市新宿２－５－１,私立,神奈川県
聖セシリア女子中学校,神奈川県大和市南林間３－１０－１,私立,神奈川県
聖ステパノ学園中学校,神奈川県中郡大磯町大磯８６８,私立,神奈川県
函嶺白百合学園中学校,神奈川県足柄下郡箱根町強羅１３２０,私立,神奈川県
新潟第一中学校,新潟県新潟市中央区関新３丁目３番１号,私立,新潟県
新潟明訓中学校,新潟県新潟市江南区北山１０３７番地,私立,新潟県
新潟清心女子中学校,新潟県新潟市西区五十嵐１の町６３７０番地,私立,新潟県
帝京長岡中学校,新潟県長岡市住吉３丁目９番１号,私立,新潟県
片山学園中学校,富山県富山市東黒牧１０番地,私立,富山県
北陸学院中学校,石川県金沢市飛梅町１番１０号,私立,石川県
星稜中学校,石川県金沢市小坂町南２０６,私立,石川県
金沢学院大学附属中学校,石川県金沢市末町１０番地,私立,石川県
金沢龍谷高等学校中等部,石川県金沢市上安原町１６９番地の１,私立,石川県
叡明館（中等部）,石川県白山市長島町１００１,私立,石川県
敦賀気比高等学校付属中学校,福井県敦賀市沓見１６４－１,私立,福井県
福井工業大学附属福井中学校,福井県福井市学園３－６－１,私立,福井県
北陸中学校,福井県福井市福井市文京１－８－１,私立,福井県
かつやま子どもの村中学校,福井県勝山市北谷町河合５－３,私立,福井県
山梨英和中学校,山梨県甲府市愛宕町１１２,私立,山梨県
甲府湯田中学校,山梨県甲府市青沼３丁目１０－１,私立,山梨県
駿台甲府中学校,山梨県甲府市塩部２－８－１,私立,山梨県
山梨学院中学校,山梨県甲府市酒折３－３－１,私立,山梨県
日本航空高等学校附属中学校,山梨県甲斐市宇津谷４４５番地,私立,山梨県
富士学苑中学校,山梨県富士吉田市下吉田３丁目２８－１９,私立,山梨県
南アルプス子どもの村中学校,山梨県南アルプス市徳永１７１７,私立,山梨県
素和美中学校,山梨県南都留郡富士河口湖町小立５９３１,私立,山梨県
長野日本大学中学校,長野県長野市大字東和田字中道２５３－３,私立,長野県
グリーン・ヒルズ中学校,長野県長野市大字富田１－５３１,私立,長野県
長野清泉女学院中学校,長野県長野市箱清水１－９－１９,私立,長野県
文化学園長野中学校,長野県長野市上千田１４１,私立,長野県
才教学園中学校,長野県松本市村井町北２－１４－４７,私立,長野県
松本国際中学校,長野県松本市村井町南３丁目６番１８号,私立,長野県
佐久長聖中学校,長野県佐久市岩村田３６３８,私立,長野県
大日向中学校,長野県南佐久郡佐久穂町大字大日向字上滝平１１１０番地１,私立,長野県
どんぐり向方中学校,長野県下伊那郡天龍村神原３９７４,私立,長野県
鶯谷中学校,岐阜県岐阜市鴬谷町７,私立,岐阜県
岐阜東中学校,岐阜県岐阜市野一色４丁目１７番１号,私立,岐阜県
岐阜聖徳学園大学附属中学校,岐阜県岐阜市柳津町高桑西１－１,私立,岐阜県
聖マリア女学院中学校,岐阜県岐阜市福富２０１番地,私立,岐阜県
多治見西高等学校附属中学校,岐阜県多治見市明和町１丁目１８番地,私立,岐阜県
麗澤瑞浪中学校,岐阜県瑞浪市稲津町萩原１６６１,私立,岐阜県
美濃加茂中学校,岐阜県美濃加茂市本郷町７－６－６０,私立,岐阜県
帝京大学可児中学校,岐阜県可児市桂ケ丘１－１,私立,岐阜県
西濃学園中学校,岐阜県揖斐郡揖斐川町東横山１０７０,私立,岐阜県
不二聖心女子学院中学校,静岡県裾野市桃園１９８,私立,静岡県
加藤学園暁秀中学校,静岡県沼津市岡宮字中見代１３６１－１,私立,静岡県
清水国際中学校,静岡県静岡市清水区天神１－４－１,私立,静岡県
静岡サレジオ中学校,静岡県静岡市清水区中之郷３－２－１,私立,静岡県
東海大学付属静岡翔洋高等学校中等部,静岡県静岡市清水区折戸３－２０－１,私立,静岡県
静岡大成中学校,静岡県静岡市葵区鷹匠２－４－１８,私立,静岡県
静岡英和女学院中学校,静岡県静岡市葵区西草深町８－１,私立,静岡県
静岡雙葉中学校,静岡県静岡市葵区追手町１０－７１,私立,静岡県
城南静岡中学校,静岡県静岡市駿河区南八幡町１－１,私立,静岡県
常葉大学附属常葉中学校,静岡県静岡市葵区水落町１番３０号,私立,静岡県
常葉大学附属橘中学校,静岡県静岡市葵区瀬名２－１－１,私立,静岡県
静岡県西遠女子学園中学校,静岡県浜松市中央区佐藤三丁目２０－１,私立,静岡県
浜松開誠館中学校,静岡県浜松市中央区松城町２０７－２,私立,静岡県
浜松修学舎中学校,静岡県浜松市中央区向宿２－２０－１,私立,静岡県
静岡聖光学院中学校,静岡県静岡市駿河区小鹿１４４０番地,私立,静岡県
静岡学園中学校,静岡県静岡市葵区東鷹匠町２５,私立,静岡県
浜松日体中学校,静岡県浜松市中央区半田山３－３０－１,私立,静岡県
日本大学三島中学校,静岡県三島市文教町２－３１－１４５,私立,静岡県
藤枝順心中学校,静岡県藤枝市前島２－３－１,私立,静岡県
藤枝明誠中学校,静岡県藤枝市大洲２－２－１,私立,静岡県
常葉大学附属菊川中学校,静岡県菊川市半済１５５０,私立,静岡県
磐田東中学校,静岡県磐田市見付１８０－５,私立,静岡県
浜松学院中学校,静岡県浜松市中央区高林１－１７－２,私立,静岡県
浜松学芸中学校,静岡県浜松市中央区下池川町３４－３,私立,静岡県
聖隷クリストファー中学校,静岡県浜松市中央区三方原町３４５３,私立,静岡県
静岡北中学校,静岡県静岡市葵区瀬名５－１４－１,私立,静岡県
星陵中学校,静岡県富士宮市星山１０６８,私立,静岡県
静岡県富士見中学校,静岡県富士市平垣町１－１,私立,静岡県
愛知中学校,愛知県名古屋市千種区光が丘２－１１－４１,私立,愛知県
椙山女学園中学校,愛知県名古屋市千種区山添町２－２,私立,愛知県
愛知工業大学名電中学校,愛知県名古屋市千種区若水３－２－１２,私立,愛知県
愛知淑徳中学校,愛知県名古屋市千種区桜が丘２３,私立,愛知県
名古屋経済大学市邨中学校,愛知県名古屋市千種区北千種３－１－３７,私立,愛知県
金城学院中学校,愛知県名古屋市東区白壁３－２４－６７,私立,愛知県
東海中学校,愛知県名古屋市東区筒井１－２－３５,私立,愛知県
名古屋中学校,愛知県名古屋市東区砂田橋二丁目１－５８,私立,愛知県
星槎名古屋中学校,愛知県名古屋市中村区名駅南四丁目６番３８号,私立,愛知県
南山中学校,愛知県名古屋市昭和区五軒家町６,私立,愛知県
名古屋国際中学校,愛知県名古屋市昭和区広路本町１ー１６,私立,愛知県
名古屋女子大学中学校,愛知県名古屋市瑞穂区汐路町４－２１,私立,愛知県
名古屋経済大学高蔵中学校,愛知県名古屋市瑞穂区高田町３－２８－１,私立,愛知県
大成中学校,愛知県一宮市千秋町小山字大福田１８７８－２,私立,愛知県
聖霊中学校,愛知県瀬戸市せいれい町２,私立,愛知県
愛知産業大学三河中学校,愛知県岡崎市岡町原山１２－１０,私立,愛知県
人間環境大学附属岡崎中学校,愛知県岡崎市稲熊町３の１１０,私立,愛知県
中部大学春日丘中学校,愛知県春日井市松本町１１０５,私立,愛知県
南山国際中学校,愛知県豊田市亀首町八ッ口洞１３番地４５,私立,愛知県
滝中学校,愛知県江南市東野町米野１,私立,愛知県
星城中学校,愛知県豊明市栄町新左山１－３１９,私立,愛知県
清林館中学校,愛知県愛西市持中町八町８８番地,私立,愛知県
高田中学校,三重県津市一身田町２８４３,私立,三重県
セントヨゼフ女子学園中学校,三重県津市半田１３３０,私立,三重県
暁中学校,三重県四日市市萱生町２３８番地,私立,三重県
四日市メリノール学院中学校,三重県四日市市平尾町２８００,私立,三重県
皇學館中学校,三重県伊勢市楠部町１３８,私立,三重県
三重中学校,三重県松阪市久保町１２３２,私立,三重県
津田学園中学校,三重県桑名市野田５－３－１２,私立,三重県
